INSERT INTO DOCTORS (DOCTOR_ID, DOCTOR_NAME, SPECIALIZATION)
VALUES (1, 'John Smith', 'Cardiology');

INSERT INTO DOCTORS (DOCTOR_ID, DOCTOR_NAME, SPECIALIZATION)
VALUES (2, 'Sarah Johnson', 'Dentistry');

INSERT INTO DOCTORS (DOCTOR_ID, DOCTOR_NAME, SPECIALIZATION)
VALUES (3, 'David Brown', 'Neurology');


INSERT INTO PATIENTS (PATIENT_ID, PATIENT_NAME, GENDER)
VALUES (101, 'Alice', 'Female');

INSERT INTO PATIENTS (PATIENT_ID, PATIENT_NAME, GENDER)
VALUES (102, 'Michael', 'Male');

INSERT INTO PATIENTS (PATIENT_ID, PATIENT_NAME, GENDER)
VALUES (103, 'Emma', 'Female');

INSERT INTO PATIENTS (PATIENT_ID, PATIENT_NAME, GENDER)
VALUES (104, 'Daniel', 'Male');

INSERT INTO PATIENTS (PATIENT_ID, PATIENT_NAME, GENDER)
VALUES (105, 'Sophia', 'Female');


INSERT INTO APPOINTMENTS
(APPOINTMENT_ID, PATIENT_ID, DOCTOR_ID, APPOINTMENT_DATE, CONSULTATION_FEE)
VALUES (1001, 101, 1, TO_DATE('01-JUN-26','DD-MON-RR'), 120);

INSERT INTO APPOINTMENTS
(APPOINTMENT_ID, PATIENT_ID, DOCTOR_ID, APPOINTMENT_DATE, CONSULTATION_FEE)
VALUES (1002, 102, 2, TO_DATE('02-JUN-26','DD-MON-RR'), 80);

INSERT INTO APPOINTMENTS
(APPOINTMENT_ID, PATIENT_ID, DOCTOR_ID, APPOINTMENT_DATE, CONSULTATION_FEE)
VALUES (1003, 103, 1, TO_DATE('03-JUN-26','DD-MON-RR'), 150);

INSERT INTO APPOINTMENTS
(APPOINTMENT_ID, PATIENT_ID, DOCTOR_ID, APPOINTMENT_DATE, CONSULTATION_FEE)
VALUES (1004, 104, 3, TO_DATE('04-JUN-26','DD-MON-RR'), 200);

INSERT INTO APPOINTMENTS
(APPOINTMENT_ID, PATIENT_ID, DOCTOR_ID, APPOINTMENT_DATE, CONSULTATION_FEE)
VALUES (1005, 105, 2, TO_DATE('05-JUN-26','DD-MON-RR'), 100);

INSERT INTO APPOINTMENTS
(APPOINTMENT_ID, PATIENT_ID, DOCTOR_ID, APPOINTMENT_DATE, CONSULTATION_FEE)
VALUES (1006, 101, 1, TO_DATE('06-JUN-26','DD-MON-RR'), 130);

COMMIT;
